{"inputUnits":[34],"outputUnits":3,"inputs":{"0":{"dtype":"number","min":309.4964611483919,"max":320.9727470605754},"1":{"dtype":"number","min":163.86613125930964,"max":194.16328548921223},"2":{"dtype":"number","min":319.11986503155777,"max":332.3898018566087},"3":{"dtype":"number","min":153.01596853055844,"max":178.82687223560617},"4":{"dtype":"number","min":295.8309568412573,"max":307.7316759161448},"5":{"dtype":"number","min":152.07923443864755,"max":178.3637911429201},"6":{"dtype":"number","min":332.89175664404485,"max":351.4047472764546},"7":{"dtype":"number","min":161.5028722740797,"max":184.3590809862901},"8":{"dtype":"number","min":277.79997087174354,"max":290.2148354378192},"9":{"dtype":"number","min":161.50435095167347,"max":184.5954081613266},"10":{"dtype":"number","min":357.71855061156276,"max":370.90301988653636},"11":{"dtype":"number","min":224.2500227991245,"max":248.4661835548015},"12":{"dtype":"number","min":253.44201826399868,"max":265.97015262113933},"13":{"dtype":"number","min":217.85957544230303,"max":257.3830238668835},"14":{"dtype":"number","min":376.91156409593873,"max":386.38576284920657},"15":{"dtype":"number","min":309.4549750539579,"max":345.9799455575906},"16":{"dtype":"number","min":218.36241132090527,"max":271.6520180312576},"17":{"dtype":"number","min":305.6465606095726,"max":366.0129805390473},"18":{"dtype":"number","min":327.18858770823203,"max":412.4492648232308},"19":{"dtype":"number","min":267.95300079226956,"max":428.96182286600197},"20":{"dtype":"number","min":165.35504649121475,"max":301.3005974320586},"21":{"dtype":"number","min":272.83621465185735,"max":465.1102123928441},"22":{"dtype":"number","min":336.67816280854817,"max":358.6384445962275},"23":{"dtype":"number","min":396.21647237339835,"max":442.7479303857232},"24":{"dtype":"number","min":262.5036977330071,"max":292.3788974628374},"25":{"dtype":"number","min":397.9257026998913,"max":439.7100108699576},"26":{"dtype":"number","min":304.66689054140323,"max":388.1342870808761},"27":{"dtype":"number","min":511.72798780151845,"max":562.1555904284526},"28":{"dtype":"number","min":186.28174184361322,"max":327.71817337214253},"29":{"dtype":"number","min":498.5332396985956,"max":563.1935006820738},"30":{"dtype":"number","min":319.88595398483574,"max":366.0454645416616},"31":{"dtype":"number","min":567.0964744953794,"max":587.0627222914641},"32":{"dtype":"number","min":194.59487440057302,"max":342.1536777362749},"33":{"dtype":"number","min":539.2786772612932,"max":586.9062490500365}},"outputs":{"0":{"dtype":"string","min":0,"max":1,"uniqueValues":["l","r","g"],"legend":{"l":[1,0,0],"r":[0,1,0],"g":[0,0,1]}}},"isNormalized":true}