{"inputUnits":[34],"outputUnits":3,"inputs":{"0":{"dtype":"number","min":289.68600143254497,"max":327.5544679396811},"1":{"dtype":"number","min":59.80700184862903,"max":150.06933664997266},"2":{"dtype":"number","min":306.33512148133514,"max":336.7268341895671},"3":{"dtype":"number","min":52.728836712670244,"max":130.94690107649868},"4":{"dtype":"number","min":283.14508015079724,"max":320.3379646627819},"5":{"dtype":"number","min":49.29185563024379,"max":132.9334077946407},"6":{"dtype":"number","min":321.9629612785369,"max":350.95903745421174},"7":{"dtype":"number","min":60.54728704667741,"max":119.66851022920721},"8":{"dtype":"number","min":260.63470862718873,"max":302.9761965265534},"9":{"dtype":"number","min":58.54341143300098,"max":117.77225761562005},"10":{"dtype":"number","min":341.48942286866185,"max":368.9642749593416},"11":{"dtype":"number","min":132.90131683943338,"max":165.48130911148013},"12":{"dtype":"number","min":231.59583303251156,"max":266.41222883291283},"13":{"dtype":"number","min":131.3986550416464,"max":180.84979699279546},"14":{"dtype":"number","min":379.2921726805691,"max":426.006506537649},"15":{"dtype":"number","min":133.152121458536,"max":247.8062385529396},"16":{"dtype":"number","min":147.07711661372204,"max":271.9167408034032},"17":{"dtype":"number","min":121.34979307419596,"max":274.17756047230284},"18":{"dtype":"number","min":393.5033505807127,"max":520.2540705640029},"19":{"dtype":"number","min":123.24555423009258,"max":314.77638808669747},"20":{"dtype":"number","min":46.46089427665978,"max":290.91591445388497},"21":{"dtype":"number","min":109.52518626409747,"max":357.8467477434804},"22":{"dtype":"number","min":329.1893735655551,"max":352.24645473613816},"23":{"dtype":"number","min":303.4653671799003,"max":323.8475208801982},"24":{"dtype":"number","min":251.22077674717292,"max":281.6648446168417},"25":{"dtype":"number","min":300.42307575389106,"max":320.31942315602583},"26":{"dtype":"number","min":342.2873542280976,"max":353.2125397322243},"27":{"dtype":"number","min":414.8630116978508,"max":444.4125378085481},"28":{"dtype":"number","min":252.4230256433153,"max":278.3113199820314},"29":{"dtype":"number","min":415.4243831411874,"max":448.4790407173365},"30":{"dtype":"number","min":347.2429648076514,"max":360.727828059215},"31":{"dtype":"number","min":521.2709232434224,"max":546.4362700347307},"32":{"dtype":"number","min":248.30360679774898,"max":274.7518692313465},"33":{"dtype":"number","min":512.6198402731335,"max":536.1946776868768}},"outputs":{"0":{"dtype":"string","min":0,"max":1,"uniqueValues":["f","r","l"],"legend":{"f":[1,0,0],"r":[0,1,0],"l":[0,0,1]}}},"isNormalized":true}